,id,user_id,name,description,homepage_url,repo_url,license,homepage_url_status,homepage_url_justification,sites_https_status,sites_https_justification,description_good_status,description_good_justification,interact_status,interact_justification,contribution_status,contribution_justification,contribution_requirements_status,contribution_requirements_justification,license_location_status,license_location_justification,floss_license_status,floss_license_justification,floss_license_osi_status,floss_license_osi_justification,documentation_basics_status,documentation_basics_justification,documentation_interface_status,documentation_interface_justification,repo_public_status,repo_public_justification,repo_track_status,repo_track_justification,repo_interim_status,repo_interim_justification,repo_distributed_status,repo_distributed_justification,version_unique_status,version_unique_justification,version_semver_status,version_semver_justification,version_tags_status,version_tags_justification,release_notes_status,release_notes_justification,release_notes_vulns_status,release_notes_vulns_justification,report_url_status,report_url_justification,report_tracker_status,report_tracker_justification,report_process_status,report_process_justification,report_responses_status,report_responses_justification,enhancement_responses_status,enhancement_responses_justification,report_archive_status,report_archive_justification,vulnerability_report_process_status,vulnerability_report_process_justification,vulnerability_report_private_status,vulnerability_report_private_justification,vulnerability_report_response_status,vulnerability_report_response_justification,build_status,build_justification,build_common_tools_status,build_common_tools_justification,build_floss_tools_status,build_floss_tools_justification,test_status,test_justification,test_invocation_status,test_invocation_justification,test_most_status,test_most_justification,test_policy_status,test_policy_justification,tests_are_added_status,tests_are_added_justification,tests_documented_added_status,tests_documented_added_justification,warnings_status,warnings_justification,warnings_fixed_status,warnings_fixed_justification,warnings_strict_status,warnings_strict_justification,know_secure_design_status,know_secure_design_justification,know_common_errors_status,know_common_errors_justification,crypto_published_status,crypto_published_justification,crypto_call_status,crypto_call_justification,crypto_floss_status,crypto_floss_justification,crypto_keylength_status,crypto_keylength_justification,crypto_working_status,crypto_working_justification,crypto_pfs_status,crypto_pfs_justification,crypto_password_storage_status,crypto_password_storage_justification,crypto_random_status,crypto_random_justification,delivery_mitm_status,delivery_mitm_justification,delivery_unsigned_status,delivery_unsigned_justification,vulnerabilities_fixed_60_days_status,vulnerabilities_fixed_60_days_justification,vulnerabilities_critical_fixed_status,vulnerabilities_critical_fixed_justification,static_analysis_status,static_analysis_justification,static_analysis_common_vulnerabilities_status,static_analysis_common_vulnerabilities_justification,static_analysis_fixed_status,static_analysis_fixed_justification,static_analysis_often_status,static_analysis_often_justification,dynamic_analysis_status,dynamic_analysis_justification,dynamic_analysis_unsafe_status,dynamic_analysis_unsafe_justification,dynamic_analysis_enable_assertions_status,dynamic_analysis_enable_assertions_justification,dynamic_analysis_fixed_status,dynamic_analysis_fixed_justification,general_comments,created_at,updated_at,crypto_weaknesses_status,crypto_weaknesses_justification,test_continuous_integration_status,test_continuous_integration_justification,cpe,discussion_status,discussion_justification,no_leaked_credentials_status,no_leaked_credentials_justification,english_status,english_justification,hardening_status,hardening_justification,crypto_used_network_status,crypto_used_network_justification,crypto_tls12_status,crypto_tls12_justification,crypto_certificate_verification_status,crypto_certificate_verification_justification,crypto_verification_private_status,crypto_verification_private_justification,hardened_site_status,hardened_site_justification,installation_common_status,installation_common_justification,build_reproducible_status,build_reproducible_justification,badge_percentage_0,achieved_passing_at,lost_passing_at,last_reminder_at,disabled_reminders,implementation_languages,lock_version,badge_percentage_1,dco_status,dco_justification,governance_status,governance_justification,code_of_conduct_status,code_of_conduct_justification,roles_responsibilities_status,roles_responsibilities_justification,access_continuity_status,access_continuity_justification,bus_factor_status,bus_factor_justification,documentation_roadmap_status,documentation_roadmap_justification,documentation_architecture_status,documentation_architecture_justification,documentation_security_status,documentation_security_justification,documentation_quick_start_status,documentation_quick_start_justification,documentation_current_status,documentation_current_justification,documentation_achievements_status,documentation_achievements_justification,accessibility_best_practices_status,accessibility_best_practices_justification,internationalization_status,internationalization_justification,sites_password_security_status,sites_password_security_justification,maintenance_or_update_status,maintenance_or_update_justification,vulnerability_report_credit_status,vulnerability_report_credit_justification,vulnerability_response_process_status,vulnerability_response_process_justification,coding_standards_status,coding_standards_justification,coding_standards_enforced_status,coding_standards_enforced_justification,build_standard_variables_status,build_standard_variables_justification,build_preserve_debug_status,build_preserve_debug_justification,build_non_recursive_status,build_non_recursive_justification,build_repeatable_status,build_repeatable_justification,installation_standard_variables_status,installation_standard_variables_justification,installation_development_quick_status,installation_development_quick_justification,external_dependencies_status,external_dependencies_justification,dependency_monitoring_status,dependency_monitoring_justification,updateable_reused_components_status,updateable_reused_components_justification,interfaces_current_status,interfaces_current_justification,automated_integration_testing_status,automated_integration_testing_justification,regression_tests_added50_status,regression_tests_added50_justification,test_statement_coverage80_status,test_statement_coverage80_justification,test_policy_mandated_status,test_policy_mandated_justification,implement_secure_design_status,implement_secure_design_justification,input_validation_status,input_validation_justification,crypto_algorithm_agility_status,crypto_algorithm_agility_justification,crypto_credential_agility_status,crypto_credential_agility_justification,signed_releases_status,signed_releases_justification,version_tags_signed_status,version_tags_signed_justification,badge_percentage_2,contributors_unassociated_status,contributors_unassociated_justification,copyright_per_file_status,copyright_per_file_justification,license_per_file_status,license_per_file_justification,small_tasks_status,small_tasks_justification,require_2FA_status,require_2FA_justification,secure_2FA_status,secure_2FA_justification,code_review_standards_status,code_review_standards_justification,two_person_review_status,two_person_review_justification,test_statement_coverage90_status,test_statement_coverage90_justification,test_branch_coverage80_status,test_branch_coverage80_justification,security_review_status,security_review_justification,assurance_case_status,assurance_case_justification,achieve_passing_status,achieve_passing_justification,achieve_silver_status,achieve_silver_justification,tiered_percentage,repo_url_updated_at,achieved_silver_at,lost_silver_at,achieved_gold_at,lost_gold_at,first_achieved_passing_at,first_achieved_silver_at,first_achieved_gold_at,maintained_status,maintained_justification
0,1040,1400,Fruit,"Fruit is a [dependency injection](http://en.wikipedia.org/wiki/Dependency_injection) framework for C++, loosely inspired by the Guice framework for Java. It uses C++ metaprogramming together with some new C++11 features to detect most injection problems at compile-time.
It allows to split the implementation code in ""components"" (aka modules) that can be assembled to form other components.
From a component with no requirements it's then possible to create an injector, that provides an instance of the interfaces exposed by the component.

See the [wiki](https://github.com/google/fruit/wiki) for more information, including installation instructions, tutorials and reference documentation.",https://github.com/google/fruit/wiki,https://github.com/google/fruit,Apache-2.0,?,,Met,Given only https: URLs.,Met,"Short description at: <https://github.com/google/fruit>
Longer description at: <https://github.com/google/fruit/wiki>",Met,The bug tracker is at <https://github.com/google/fruit/issues>.,Met,Non-trivial contribution file in repository: <https://github.com/google/fruit/blob/master/CONTRIBUTING.md>.,Met,"The required code style is documented at:
https://github.com/google/fruit/blob/master/CONTRIBUTING.md#code-style",Met,Non-trivial license location file in repository: <https://github.com/google/fruit/blob/master/COPYING>.,Met,The Apache-2.0 license is approved by the Open Source Initiative (OSI).,Met,The Apache-2.0 license is approved by the Open Source Initiative (OSI).,Met,The documentation is at <https://github.com/google/fruit/wiki>.,Met,The reference documentation is at <https://github.com/google/fruit/wiki/quick-reference>.,Met,"Repository on GitHub, which provides public git repositories with URLs.",Met,"Repository on GitHub, which uses git. git can track the changes, who made them, and when they were made.",Met,All development is in the open. See <https://github.com/google/fruit/commits/master>.,Met,"Repository on GitHub, which uses git. git is distributed.",Met,Each release has a version in the X.Y.Z format. See <https://github.com/google/fruit/releases>.,Met,,Met,"There's a git tag ""vX.Y.Z"" for each release ""X.Y.Z"".",Met,Each release comes with manually curated release notes. See <https://github.com/google/fruit/releases>.,,There were no known vulnerabilities so far (public or otherwise).,?,,Met,The issue tracker is at <https://github.com/google/fruit/issues>.,Met,The issue tracker is at <https://github.com/google/fruit/issues>.,Met,Issues are usually replied to within a few days.,Met,Issues are usually replied to within a few days.,Met,The issue tracker at <https://github.com/google/fruit/issues> allows to search for past and current issues and the respective responses.,Met,The process is documented at https://github.com/google/fruit/blob/master/CONTRIBUTING.md#reporting-vulnerabilities .,,Private vulnerability reports are not supported.,,Private vulnerability reports are not supported.,Met,Fruit supports two (independent) build systems: CMake and Bazel.,Met,Non-trivial build file in repository: <https://github.com/google/fruit/blob/master/CMakeLists.txt>.,Met,"For example, Fruit can be built on Linux using GCC + GNU Make + CMake.",Met,Fruit's tests are here: <https://github.com/google/fruit/tree/master/tests>.,Met,"When Fruit is built using CMake, ctest can be used to run the tests.
When Fruit is built using Bazel, Bazel can be used to run the tests.",Met,"As of Fruit 3.1.0, Fruit's test suite has 96.6% (line) coverage.",Met,"All new functionality comes with tests (typically end-to-end, python-based tests).",Met,See the most recent commits: <https://github.com/google/fruit/commits/master>.,Met,"The pull request documentation here:
https://github.com/google/fruit/blob/master/CONTRIBUTING.md#sending-pull-requests
Specifies that tests should be added where relevant.",Met,"""-W -Wall"" is used when building in debug mode (including for CI testing), and similar flags are used for Visual Studio.",Met,"""-Werror"" is used to ensure that build warnings are treated as if they were build errors. A similar flag is used for Visual Studio.",Met,"""-W -Wall"" is used when building in debug mode (including for CI testing), and similar flags are used for Visual Studio.",Met,,Met,,,No cryptographic protocols and algorithms are used.,Met,No cryptographic protocols and algorithms are used.,,No cryptographic protocols and algorithms are used.,,This project doesn't use cryptographic keys (nor any other cryptographic facilities).,,This project doesn't use any cryptographic algorithms.,,This project doesn't use any cryptographic algorithms.,,This project doesn't involve any authentication credentials.,,This project doesn't use any cryptographic algorithms.,Met,This project doesn't involve any form of network communication.,Met,This project doesn't involve any form of network communication.,Met,"No vulnerabilities are known, nor were reported.",Met,"No vulnerabilities are known, nor were reported.",Met,Fruit uses Coverity for static analysis.,Met,,Met,,Unmet,"Due to the commit frequency, running static analysis for each commit or daily would be overkill.
Also, Coverity advises against per-commit static analysis (for the same reason).",Met,"Fruit uses GCC and clang's dynamic analyzers (ASan, UBSan), they run for each git push.",Met,"Address Sanitizer, Undefined Behavior Sanitizer and valgrind are used in CI (so they run for every commit).",Met,There are many debug-only assertions that can be enabled using the FRUIT_DEBUG and FRUIT_EXTRA_DEBUG macros. These assertions are checked when running CI tests in debug mode (so they're checked for every commit).,Met,"No such vulnerabilities have ever been found. If any will be found, they will be fixed in a timely manner.",,2017-06-10 12:20:04 UTC,2017-12-27 20:18:41 UTC,,This project doesn't use any cryptographic algorithms.,Met,Fruit is set up for continuous integration using Travis CI (for Linux and OS X) and Appveyor (for Windows).,,Met,GitHub supports discussions on issues and pull requests.,Met,The repositories don't contain any private credentials.,Met,"The documentation (<https://github.com/google/fruit/wiki>) is in English, and English is also used in the issue tracker (<https://github.com/google/fruit/issues>).",Unmet,,,,,,,,,,Met,Found all required security hardening headers.,Met,See https://github.com/google/fruit/wiki/install.,Unmet,,100,2017-12-27 10:41:24 UTC,,2017-11-08 23:00:37 UTC,False,"C++, Python",19,22,?,,?,,?,,?,,?,,?,,?,,?,,?,,?,,?,,?,,?,,?,,?,,?,,?,,?,,?,,?,,?,,?,,?,,?,,?,,?,,?,,?,,?,,?,,?,,?,,?,,?,,?,,?,,?,,?,,?,,?,,22,?,,?,,?,,?,,?,,?,,?,,?,,?,,?,,?,,?,,Met,,Unmet,,122,,,,,,2017-12-27 10:41:24 UTC,,,Met,
1,1041,1401,A PHP RSS feed-based newssite with backend. School project.,,https://github.com/kohlercoding/cmk_php_nyhedssite,https://github.com/kohlercoding/cmk_php_nyhedssite,MIT,?,,Met,Given only https: URLs.,?,,?,,Met,"Projects on GitHub by default use issues and pull requests, as encouraged by documentation such as <https://guides.github.com/activities/contributing-to-open-source/>.",?,,Met,Non-trivial license location file in repository: <https://github.com/kohlercoding/cmk_php_nyhedssite/blob/master/LICENSE>.,Met,The MIT license is approved by the Open Source Initiative (OSI).,Met,The MIT license is approved by the Open Source Initiative (OSI).,Unmet,No appropriate folder found for documentation basics.,?,,Met,"Repository on GitHub, which provides public git repositories with URLs.",Met,"Repository on GitHub, which uses git. git can track the changes, who made them, and when they were made.",?,,Met,"Repository on GitHub, which uses git. git is distributed.",?,,?,,?,,Unmet,No release notes file found.,?,,?,,?,,?,,?,,?,,?,,?,,?,,?,,?,,?,,?,,?,,?,,?,,?,,?,,?,,?,,?,,?,,?,,?,,?,,?,,?,,?,,?,,?,,?,,?,,?,,?,,?,,?,,?,,?,,?,,?,,?,,?,,?,,?,,,2017-06-10 18:27:45 UTC,2017-06-10 18:27:45 UTC,?,,?,,,Met,GitHub supports discussions on issues and pull requests.,?,,?,,?,,?,,?,,?,,?,,Met,Found all required security hardening headers.,?,,?,,15,,,2022-04-26 23:00:27 UTC,False,"PHP, JavaScript (CII estimate)",27,0,?,,?,,?,,?,,?,,?,,?,,?,,?,,?,,?,,?,,?,,?,,?,,?,,?,,?,,?,,?,,?,,?,,?,,?,,?,,?,,?,,?,,?,,?,,?,,?,,?,,?,,?,,?,,?,,?,,?,,?,,4,?,,?,,?,,?,,?,,?,,?,,?,,?,,?,,?,,?,,Unmet,,Unmet,,15,,,,,,,,,Met,
2,1044,1410,"A headless, self-contained tool for JavaScript Testing.",,https://github.com/trevmex/EnvJasmine,https://github.com/trevmex/EnvJasmine,MIT,?,,Met,Given only https: URLs.,?,,?,,Met,"Projects on GitHub by default use issues and pull requests, as encouraged by documentation such as <https://guides.github.com/activities/contributing-to-open-source/>.",?,,Met,Non-trivial license location file in repository: <https://github.com/trevmex/EnvJasmine/blob/master/LICENSE>.,Met,The MIT license is approved by the Open Source Initiative (OSI).,Met,The MIT license is approved by the Open Source Initiative (OSI).,Unmet,No appropriate folder found for documentation basics.,?,,Met,"Repository on GitHub, which provides public git repositories with URLs.",Met,"Repository on GitHub, which uses git. git can track the changes, who made them, and when they were made.",?,,Met,"Repository on GitHub, which uses git. git is distributed.",?,,?,,?,,Met,Non-trivial release notes file in repository: <https://github.com/trevmex/EnvJasmine/blob/master/CHANGELOG>.,?,,?,,?,,?,,?,,?,,?,,?,,?,,?,,?,,?,,?,,?,,?,,?,,?,,?,,?,,?,,?,,?,,?,,?,,?,,?,,?,,?,,?,,?,,?,,?,,?,,?,,?,,?,,?,,?,,?,,?,,?,,?,,?,,?,,,2017-06-13 19:09:13 UTC,2017-06-13 19:09:13 UTC,?,,?,,,Met,GitHub supports discussions on issues and pull requests.,?,,?,,?,,?,,?,,?,,?,,Met,Found all required security hardening headers.,?,,?,,16,,,2022-05-01 23:00:30 UTC,False,"JavaScript, Ruby, Shell (CII estimate)",27,0,?,,?,,?,,?,,?,,?,,?,,?,,?,,?,,?,,?,,?,,?,,?,,?,,?,,?,,?,,?,,?,,?,,?,,?,,?,,?,,?,,?,,?,,?,,?,,?,,?,,?,,?,,?,,?,,?,,?,,?,,4,?,,?,,?,,?,,?,,?,,?,,?,,?,,?,,?,,?,,Unmet,,Unmet,,16,,,,,,,,,Met,
3,1045,1185,ldapcherry,Nice and simple application to manage users and groups in multiple directory services.,https://github.com/kakwa/ldapcherry,https://github.com/kakwa/ldapcherry,MIT,?,,Met,Given only https: URLs.,Met,http://ldapcherry.readthedocs.io/en/latest/#presentation,Unmet,,Met,"Projects on GitHub by default use issues and pull requests, as encouraged by documentation such as <https://guides.github.com/activities/contributing-to-open-source/>.",Unmet,"Simple project, would be a burden to specify it completely",Met,Non-trivial license location file in repository: <https://github.com/kakwa/ldapcherry/blob/master/LICENSE>.,Met,The MIT license is approved by the Open Source Initiative (OSI).,Met,The MIT license is approved by the Open Source Initiative (OSI).,Met,http://ldapcherry.readthedocs.io/en/latest/,Met,http://ldapcherry.readthedocs.io/en/latest/,Met,"Repository on GitHub, which provides public git repositories with URLs.",Met,"Repository on GitHub, which uses git. git can track the changes, who made them, and when they were made.",Met,,Met,"Repository on GitHub, which uses git. git is distributed.",Met,,Met,,Met,https://github.com/kakwa/ldapcherry/releases,Met,https://github.com/kakwa/ldapcherry/blob/master/ChangeLog.rst,,No public vulnerabilities known,?,,Met,https://github.com/kakwa/ldapcherry/issues,Met,https://github.com/kakwa/ldapcherry/issues,Met,https://github.com/kakwa/ldapcherry/issues,Met,https://github.com/kakwa/ldapcherry/issues,Met,https://github.com/kakwa/ldapcherry/issues,Unmet,The process is obvious (github): https://github.com/kakwa/ldapcherry/issues,,,,,Met,standard setup.py,Met,standard setup.py,Met,,Met,,Met,,Met,https://coveralls.io/r/kakwa/ldapcherry,Unmet,,Unmet,,Unmet,,Met,CI passes only if code is pep8 compliant,,python,,python,Met,,Met,,Met,,Met,,Met,,,,,,,,,,,,Met,,Met,,Met,,Met,,Met,https://www.quantifiedcode.com/app/project/gh:kakwa:ldapcherry,Unmet,,,,,,Unmet,,,,Unmet,,Unmet,,,2017-06-13 23:08:22 UTC,2017-07-15 06:33:22 UTC,,,Met,https://travis-ci.org/kakwa/ldapcherry,,Met,GitHub supports discussions on issues and pull requests.,Met,,Met,http://ldapcherry.readthedocs.io/en/latest/,?,,?,,?,,?,,?,,Met,Found all required security hardening headers.,?,,?,,93,,,2022-05-01 23:00:34 UTC,False,Python,36,5,?,,?,,?,,?,,?,,?,,?,,?,,?,,?,,?,,?,,?,,?,,?,,?,,?,,?,,?,,?,,?,,?,,?,,?,,?,,?,,?,,?,,?,,?,,?,,?,,?,,?,,?,,?,,?,,?,,?,,?,,9,?,,?,,?,,?,,?,,?,,?,,?,,?,,?,,?,,?,,Unmet,,Unmet,,93,,,,,,,,,Met,
4,1046,1414,UUID Version 6 for Node.js,UUID with version 6 for Node.js,https://github.com/kurttheviking/uuid-with-v6-js,https://github.com/kurttheviking/uuid-with-v6-js,ISC,?,,Met,Given only https: URLs.,Met,https://github.com/kurttheviking/uuid-with-v6-js#why,Met,https://github.com/kurttheviking/uuid-with-v6-js#contribute,Met,"Projects on GitHub by default use issues and pull requests, as encouraged by documentation such as <https://guides.github.com/activities/contributing-to-open-source/>.",Met,https://github.com/kurttheviking/uuid-with-v6-js/blob/master/.eslintrc,Met,Non-trivial license location file in repository: <https://github.com/kurttheviking/uuid-with-v6-js/blob/master/LICENSE>.,Met,The ISC license is approved by the Open Source Initiative (OSI).,Met,The ISC license is approved by the Open Source Initiative (OSI).,Met,https://github.com/kurttheviking/uuid-with-v6-js/blob/master/README.md,Met,https://github.com/kurttheviking/uuid-with-v6-js#api,Met,"Repository on GitHub, which provides public git repositories with URLs.",Met,"Repository on GitHub, which uses git. git can track the changes, who made them, and when they were made.",Met,https://github.com/kurttheviking/uuid-with-v6-js/commits/master,Met,"Repository on GitHub, which uses git. git is distributed.",Met,https://github.com/kurttheviking/uuid-with-v6-js#versioning,Met,,Met,https://github.com/kurttheviking/uuid-with-v6-js/releases,Unmet,No release notes file found.,,,?,,Met,https://github.com/kurttheviking/uuid-with-v6-js/issues,Met,https://github.com/kurttheviking/uuid-with-v6-js/issues,Met,https://github.com/kurttheviking/uuid-with-v6-js/issues,Met,https://github.com/kurttheviking/uuid-with-v6-js/issues,Met,https://github.com/kurttheviking/uuid-with-v6-js/issues,?,,?,,?,,,,Met,npm,?,,?,,?,,?,,?,,?,,?,,?,,?,,?,,Met,https://github.com/kurttheviking,Met,https://github.com/kurttheviking,Met,,Met,,Met,,,,Met,,,,,,Met,,Met,,?,,Met,,Met,,?,,?,,?,,?,,?,,?,,?,,?,,,2017-06-14 18:12:12 UTC,2017-07-28 20:47:55 UTC,Met,,?,,,Met,GitHub supports discussions on issues and pull requests.,Met,,Met,https://github.com/kurttheviking/uuid-with-v6-js,?,,?,,?,,?,,?,,Met,Found all required security hardening headers.,?,,?,,63,,,2022-05-01 23:00:34 UTC,False,JavaScript,31,4,?,,?,,?,,?,,?,,?,,?,,?,,?,,?,,?,,?,,?,,?,,?,,?,,?,,?,,?,,?,,?,,?,,?,,?,,?,,?,,?,,?,,?,,?,,?,,?,,?,,?,,?,,?,,?,,?,,?,,?,,4,?,,?,,?,,?,,?,,?,,?,,?,,?,,?,,?,,?,,Unmet,,Unmet,,63,,,,,,,,,Met,
5,1047,1415,View Admin As,"View the WordPress admin as a different role, switch between users, temporarily change your capabilities, set default screen settings for roles, manage your roles and capabilities.",https://wordpress.org/plugins/view-admin-as,https://github.com/JoryHogeveen/view-admin-as,GPL-2.0,?,,Met,"https://github.com/JoryHogeveen/view-admin-as
https://wordpress.org/plugins/view-admin-as/",Met,"This plugin will add a menu item to your admin bar where you can change your view in the WordPress admin without the need to login with a user that has this role!

If you've selected a user, you can also change this user's preferences; like screen settings on various admin pages. You can also switch to a role or temporarily change your own capabilities.

With the ""Role defaults"" module you can set default screen settings for roles and apply them on users through various bulk actions.

It also features a ""Role manager"" module to add, edit or remove roles and grant or deny them capabilities.",Met,"Everyting is on GitHub, also support and issue reporting.
https://github.com/JoryHogeveen/view-admin-as/",Met,"Pull requestes are very welcome, all is done via GitHub, please fork the repo and make your PR when the fix/feature is stable and ready.
https://github.com/JoryHogeveen/view-admin-as/",Met,"When contributing please configure your IDE with the correct coding standards. The plugin repository contains all the files in the root and `tests` folders.
All PR's are validated with TravisCI and CodeClimate.
https://github.com/JoryHogeveen/view-admin-as/",Met,Non-trivial license location file in repository: <https://github.com/JoryHogeveen/view-admin-as/blob/master/license.txt>.,Met,The GPL-2.0 license is approved by the Open Source Initiative (OSI).,Met,The GPL-2.0 license is approved by the Open Source Initiative (OSI).,Met,https://github.com/JoryHogeveen/view-admin-as/blob/master/README.md,Met,https://github.com/JoryHogeveen/view-admin-as/wiki,Met,"Repository on GitHub, which provides public git repositories with URLs.",Met,"Repository on GitHub, which uses git. git can track the changes, who made them, and when they were made.",Met,"https://github.com/JoryHogeveen/view-admin-as/tree/dev
This is the repo that contains all latest development. All PR's are against dev instead of master.
This repo will also state RC versions.
All RC versions are also updated on wordpress.org trunk repository (Subversion): https://plugins.trac.wordpress.org/browser/view-admin-as/",Met,"Repository on GitHub, which uses git. git is distributed.",Met,https://github.com/JoryHogeveen/view-admin-as/releases,Met,,Met,https://github.com/JoryHogeveen/view-admin-as/releases,Met,"https://github.com/JoryHogeveen/view-admin-as/releases
Also the changelog in the WordPress readme file and on GitHub: https://github.com/JoryHogeveen/view-admin-as/wiki/Changelog",Met,https://github.com/JoryHogeveen/view-admin-as/wiki/Changelog,?,,Met,https://github.com/JoryHogeveen/view-admin-as/issues,Met,https://github.com/JoryHogeveen/view-admin-as/issues,Met,"Not as many bugs reported. The ones that were are fixed within a week:
https://wordpress.org/support/plugin/view-admin-as",Met,"Not as many bugs reported. The ones that were are fixed within a week:
https://wordpress.org/support/plugin/view-admin-as",Met,https://github.com/JoryHogeveen/view-admin-as/issues?q=is%3Aissue+is%3Aclosed,Met,https://github.com/JoryHogeveen/view-admin-as/issues,Met,"https://github.com/JoryHogeveen/view-admin-as#other-notes
Links to private chat or website (form) and social media.",Met,,,PHP doesn't required any build/compiler tools.,,PHP doesn't required any build/compiler tools.,,PHP doesn't required any build/compiler tools.,Met,https://travis-ci.org/JoryHogeveen/view-admin-as,Met,,Met,All branches and PR's are tested.,Met,https://github.com/JoryHogeveen/view-admin-as/blob/master/.github/CONTRIBUTING.md,Met,,Met,https://github.com/JoryHogeveen/view-admin-as/blob/master/.github/CONTRIBUTING.md,Met,https://codeclimate.com/github/JoryHogeveen/view-admin-as,Met,"The latest versions contain a lot of fixes. The only issues left are ""wontfix"" issues or issues that are planned to be fixed a.s.a.p.",Met,Every PR is validated through Code Climate and reviewed before it will be accepted.,Met,,Met,,,Not applicable for this WordPress plugin.,,Not applicable for this WordPress plugin.,,Not applicable for this WordPress plugin.,,Not applicable for this WordPress plugin.,,Not applicable for this WordPress plugin.,,Not applicable for this WordPress plugin.,,Not applicable for this WordPress plugin.,,Not applicable for this WordPress plugin.,Met,All handled by WordPress core,Met,All handled by WordPress core,Met,None reported or found,Met,None reported or found,Met,"CodeClimate (PHPmd, PHPcs, duplication)",Met,PHPcs,Met,,Met,Every commit,?,,,,?,,?,,"I‚Äôve created this at first for myself since I‚Äôm a developer and often need to see the outcome on roles which my clients use.

So, when you are developing a plugin or theme that does anything with roles or capabilities you can use this plugin to easily check if everything works. No more hassle of creating test users and constantly logging out and in anymore!

This plugin is also useful to support your clients and/or users. For example; make screen display presets of the edit and overview pages before you let them log in.",2017-06-15 08:52:54 UTC,2017-09-08 00:53:42 UTC,,Not applicable for this WordPress plugin.,Met,https://travis-ci.org/JoryHogeveen/view-admin-as,,Met,"GitHub supports discussions on issues and pull requests.
https://github.com/JoryHogeveen/view-admin-as/issues",Met,None reported or found. In case of password sharing I redirect users to other services (non-public) or (preferably) let them create an account for me so I can set my own.,Met,"GitHub supports discussions on issues and pull requests.
GitHub Wiki is used for documentation.",?,,Met,All handled by WordPress core,,,,,,,Unmet,"X-Content-Type-Options was not set to ""nosniff"".",Met,You can install/uninstall it through the WordPress admin. It will also cleanup the database after uninstall.,,PHP doesn't require a build/compiler.,96,,,2022-03-11 23:00:34 UTC,False,"PHP, JavaScript",36,20,?,,?,,?,,?,,?,,?,,?,,?,,?,,?,,?,,?,,?,,?,,?,,?,,?,,?,,?,,?,,?,,?,,?,,?,,?,,?,,?,,?,,?,,?,,?,,?,,?,,?,,?,,?,,?,,?,,?,,?,,22,?,,?,,?,,?,,?,,?,,?,,?,,?,,?,,?,,?,,Unmet,,Unmet,,96,,,,,,,,,Met,
6,1048,1417,House Complaining App Frontend,,https://github.com/andredp/house-complaining,https://github.com/andredp/house-complaining,,?,,Met,Given only https: URLs.,?,,?,,Met,"Projects on GitHub by default use issues and pull requests, as encouraged by documentation such as <https://guides.github.com/activities/contributing-to-open-source/>.",?,,Unmet,No license location file found.,?,,?,,Unmet,No appropriate folder found for documentation basics.,?,,Met,"Repository on GitHub, which provides public git repositories with URLs.",Met,"Repository on GitHub, which uses git. git can track the changes, who made them, and when they were made.",?,,Met,"Repository on GitHub, which uses git. git is distributed.",?,,?,,?,,Unmet,No release notes file found.,?,,?,,?,,?,,?,,?,,?,,?,,?,,?,,?,,?,,?,,?,,?,,?,,?,,?,,?,,?,,?,,?,,?,,?,,?,,?,,?,,?,,?,,?,,?,,?,,?,,?,,?,,?,,?,,?,,?,,?,,?,,?,,?,,?,,,2017-06-16 02:11:45 UTC,2017-06-16 02:11:45 UTC,?,,?,,,Met,GitHub supports discussions on issues and pull requests.,?,,?,,?,,?,,?,,?,,?,,Met,Found all required security hardening headers.,?,,?,,10,,,2022-05-03 23:00:25 UTC,False,"JavaScript, Shell (CII estimate)",27,0,?,,?,,?,,?,,?,,?,,?,,?,,?,,?,,?,,?,,?,,?,,?,,?,,?,,?,,?,,?,,?,,?,,?,,?,,?,,?,,?,,?,,?,,?,,?,,?,,?,,?,,?,,?,,?,,?,,?,,?,,4,?,,?,,?,,?,,?,,?,,?,,?,,?,,?,,?,,?,,Unmet,,Unmet,,10,,,,,,,,,Met,
7,1049,1418,peek,Simple animated GIF screen recorder with an easy to use interface,https://github.com/phw/peek,https://github.com/phw/peek,GPL-3.0,?,,Met,Given only https: URLs.,Met,https://github.com/phw/peek#about,Met,https://github.com/phw/peek#contribute,Met,"Projects on GitHub by default use issues and pull requests, as encouraged by documentation such as <https://guides.github.com/activities/contributing-to-open-source/>.",?,,Met,Non-trivial license location file in repository: <https://github.com/phw/peek/blob/master/LICENSE>.,Met,The GPL-3.0 license is approved by the Open Source Initiative (OSI).,Met,The GPL-3.0 license is approved by the Open Source Initiative (OSI).,Met,"Documentation is part of the README at https://github.com/phw/peek#contribute, also a man page exists describing basic command line usage",,No API provided,Met,"Repository on GitHub, which provides public git repositories with URLs.",Met,"Repository on GitHub, which uses git. git can track the changes, who made them, and when they were made.",Met,,Met,"Repository on GitHub, which uses git. git is distributed.",Met,,Met,,Met,,Met,"https://github.com/phw/peek/blob/master/CHANGES.md
https://github.com/phw/peek/releases",,So far not vulnerabilities have been reported.,?,,Met,,Met,https://github.com/phw/peek/issues,Met,,Met,,Met,https://github.com/phw/peek/issues?q=is%3Aissue+is%3Aclosed,Unmet,,Unmet,,,No vulnerabilities reported so far,Met,Non-trivial build file in repository: <https://github.com/phw/peek/blob/master/CMakeLists.txt>.,Met,Non-trivial build file in repository: <https://github.com/phw/peek/blob/master/CMakeLists.txt>.,Met,,Met,,Met,,Unmet,,Unmet,,Unmet,,Unmet,,Met,,Met,Warnings are addressed if possible. Due to the nature of Vala and it generating C code not all warnings can be addressed and are sometimes out of scope for this project.,?,,?,,?,,,,,,,,,,,,,,,,,,Met,Software is either distributed over Github (downloads and GIT clones) or via Flatpak. There are also official package repositories for Ubuntu (PPA) and Snappy builds. All those options are only delivered via HTTPS or SSH.,?,,Met,,Met,,Unmet,,Unmet,,Unmet,,Unmet,,Unmet,,Unmet,,Unmet,,Unmet,,,2017-06-16 12:23:16 UTC,2017-06-16 12:46:53 UTC,,,Met,"All changes are tested with Travis CI, see https://travis-ci.org/phw/peek",,Met,GitHub supports discussions on issues and pull requests.,Met,,Met,,?,,,Not network communication involved,,Not network communication involved,,Not network communication involved,,Not network communication involved,Met,Found all required security hardening headers.,Met,,?,,82,,,2022-05-03 23:00:25 UTC,False,Vala,37,9,?,,?,,?,,?,,?,,?,,?,,?,,?,,?,,?,,?,,?,,?,,?,,?,,?,,?,,?,,?,,?,,?,,?,,?,,?,,?,,?,,?,,?,,?,,?,,?,,?,,?,,?,,?,,?,,?,,?,,?,,17,?,,?,,?,,?,,?,,?,,?,,?,,?,,?,,?,,?,,Unmet,,Unmet,,82,,,,,,,,,Met,
8,1050,1419,Boost.Process is a library to manage system processes,,https://github.com/klemens-morgenstern/boost-process,https://github.com/klemens-morgenstern/boost-process,,?,,Met,Given only https: URLs.,?,,?,,Met,"Projects on GitHub by default use issues and pull requests, as encouraged by documentation such as <https://guides.github.com/activities/contributing-to-open-source/>.",?,,Unmet,No license location file found.,?,,?,,Met,Some documentation basics file contents found.,?,,Met,"Repository on GitHub, which provides public git repositories with URLs.",Met,"Repository on GitHub, which uses git. git can track the changes, who made them, and when they were made.",?,,Met,"Repository on GitHub, which uses git. git is distributed.",?,,?,,?,,Unmet,No release notes file found.,?,,?,,?,,?,,?,,?,,?,,?,,?,,?,,?,,?,,?,,?,,?,,?,,?,,?,,?,,?,,?,,?,,?,,?,,?,,?,,?,,?,,?,,?,,?,,?,,?,,?,,?,,?,,?,,?,,?,,?,,?,,?,,?,,?,,,2017-06-16 13:38:24 UTC,2017-06-16 13:38:24 UTC,?,,?,,,Met,GitHub supports discussions on issues and pull requests.,?,,?,,?,,?,,?,,?,,?,,Met,Found all required security hardening headers.,?,,?,,12,,,2022-05-03 23:00:25 UTC,False,C++ (CII estimate),27,0,?,,?,,?,,?,,?,,?,,?,,?,,?,,?,,?,,?,,?,,?,,?,,?,,?,,?,,?,,?,,?,,?,,?,,?,,?,,?,,?,,?,,?,,?,,?,,?,,?,,?,,?,,?,,?,,?,,?,,?,,4,?,,?,,?,,?,,?,,?,,?,,?,,?,,?,,?,,?,,Unmet,,Unmet,,12,,,,,,,,,Met,
9,1052,1421,container,,https://github.com/burraq/container,https://github.com/burraq/container,MIT,?,,Met,Given only https: URLs.,?,,?,,Met,"Projects on GitHub by default use issues and pull requests, as encouraged by documentation such as <https://guides.github.com/activities/contributing-to-open-source/>.",?,,Met,Non-trivial license location file in repository: <https://github.com/burraq/container/blob/master/LICENSE>.,Met,The MIT license is approved by the Open Source Initiative (OSI).,Met,The MIT license is approved by the Open Source Initiative (OSI).,Unmet,No appropriate folder found for documentation basics.,?,,Met,"Repository on GitHub, which provides public git repositories with URLs.",Met,"Repository on GitHub, which uses git. git can track the changes, who made them, and when they were made.",?,,Met,"Repository on GitHub, which uses git. git is distributed.",?,,?,,?,,Unmet,No release notes file found.,?,,?,,?,,?,,?,,?,,?,,?,,?,,?,,?,,?,,?,,?,,?,,?,,?,,?,,?,,?,,?,,?,,?,,?,,?,,?,,?,,?,,?,,?,,?,,?,,?,,?,,?,,?,,?,,?,,?,,?,,?,,?,,?,,?,,,2017-06-17 14:10:05 UTC,2017-06-17 14:10:05 UTC,?,,?,,,Met,GitHub supports discussions on issues and pull requests.,?,,?,,?,,?,,?,,?,,?,,Met,Found all required security hardening headers.,?,,?,,15,,,2022-05-07 23:00:28 UTC,False,PHP (CII estimate),27,0,?,,?,,?,,?,,?,,?,,?,,?,,?,,?,,?,,?,,?,,?,,?,,?,,?,,?,,?,,?,,?,,?,,?,,?,,?,,?,,?,,?,,?,,?,,?,,?,,?,,?,,?,,?,,?,,?,,?,,?,,4,?,,?,,?,,?,,?,,?,,?,,?,,?,,?,,?,,?,,Unmet,,Unmet,,15,,,,,,,,,Met,
10,1054,1428,slackemon,"Inspired by Pok√©mon Go, now you can catch and battle Pok√©mon with your teammates on Slack!",https://github.com/tdmalone/slackemon,https://github.com/tdmalone/slackemon,GPL-3.0,?,,Met,Given only https: URLs.,?,,?,,Met,"Projects on GitHub by default use issues and pull requests, as encouraged by documentation such as <https://guides.github.com/activities/contributing-to-open-source/>.",?,,Met,Non-trivial license location file in repository: <https://github.com/tdmalone/slackemon/blob/master/LICENSE>.,Met,The GPL-3.0 license is approved by the Open Source Initiative (OSI).,Met,The GPL-3.0 license is approved by the Open Source Initiative (OSI).,Unmet,No appropriate folder found for documentation basics.,?,,Met,"Repository on GitHub, which provides public git repositories with URLs.",Met,"Repository on GitHub, which uses git. git can track the changes, who made them, and when they were made.",?,,Met,"Repository on GitHub, which uses git. git is distributed.",?,,?,,?,,Unmet,No release notes file found.,?,,?,,?,,?,,?,,?,,?,,?,,?,,?,,?,,?,,?,,?,,?,,?,,?,,?,,?,,?,,?,,?,,?,,?,,?,,?,,?,,?,,?,,?,,?,,?,,?,,?,,?,,?,,?,,?,,?,,?,,?,,?,,?,,?,,,2017-06-19 02:25:49 UTC,2017-06-19 02:27:25 UTC,?,,?,,,Met,GitHub supports discussions on issues and pull requests.,?,,Met,,?,,?,,?,,?,,?,,Met,Found all required security hardening headers.,?,,?,,16,,,2022-05-10 23:00:48 UTC,False,PHP,28,0,?,,?,,?,,?,,?,,?,,?,,?,,?,,?,,?,,?,,?,,?,,?,,?,,?,,?,,?,,?,,?,,?,,?,,?,,?,,?,,?,,?,,?,,?,,?,,?,,?,,?,,?,,?,,?,,?,,?,,?,,4,?,,?,,?,,?,,?,,?,,?,,?,,?,,?,,?,,?,,Unmet,,Unmet,,16,,,,,,,,,Met,
11,1055,1429,alpine-php,,https://github.com/petk/alpine-php,https://github.com/petk/alpine-php,MIT,?,,Met,Given only https: URLs.,?,,?,,Met,Non-trivial contribution file in repository: <https://github.com/petk/alpine-php/blob/master/CONTRIBUTING.md>.,?,,Met,Non-trivial license location file in repository: <https://github.com/petk/alpine-php/blob/master/LICENSE>.,Met,The MIT license is approved by the Open Source Initiative (OSI).,Met,The MIT license is approved by the Open Source Initiative (OSI).,Unmet,No appropriate folder found for documentation basics.,?,,Met,"Repository on GitHub, which provides public git repositories with URLs.",Met,"Repository on GitHub, which uses git. git can track the changes, who made them, and when they were made.",?,,Met,"Repository on GitHub, which uses git. git is distributed.",?,,?,,?,,Unmet,No release notes file found.,?,,?,,?,,?,,?,,?,,?,,?,,?,,?,,Met,Non-trivial build file in repository: <https://github.com/petk/alpine-php/blob/master/Makefile>.,Met,Non-trivial build file in repository: <https://github.com/petk/alpine-php/blob/master/Makefile>.,?,,?,,?,,?,,?,,?,,?,,?,,?,,?,,?,,?,,?,,?,,?,,?,,?,,?,,?,,?,,?,,?,,?,,?,,?,,?,,?,,?,,?,,?,,?,,?,,,2017-06-19 04:15:13 UTC,2017-06-19 04:15:13 UTC,?,,?,,,Met,GitHub supports discussions on issues and pull requests.,?,,?,,?,,?,,?,,?,,?,,Met,Found all required security hardening headers.,?,,?,,18,,,2022-05-10 23:00:48 UTC,False,,27,0,?,,?,,?,,?,,?,,?,,?,,?,,?,,?,,?,,?,,?,,?,,?,,?,,?,,?,,?,,?,,?,,?,,?,,?,,?,,?,,?,,?,,?,,?,,?,,?,,?,,?,,?,,?,,?,,?,,?,,?,,4,?,,?,,?,,?,,?,,?,,?,,?,,?,,?,,?,,?,,Unmet,,Unmet,,18,,,,,,,,,Met,
12,1057,1429,docker-php,"üê≥ Docker For PHP Developers - Docker images with PHP, Nginx, OpenLiteSpeed, Apache, Alpine and Debian Slim",,https://github.com/php-earth/docker-php,MIT,?,,Met,Given only https: URLs.,?,,?,,Met,Non-trivial contribution file in repository: <https://github.com/php-earth/docker-php/blob/master/CONTRIBUTING.md>.,?,,Met,Non-trivial license location file in repository: <https://github.com/php-earth/docker-php/blob/master/LICENSE>.,Met,The MIT license is approved by the Open Source Initiative (OSI).,Met,The MIT license is approved by the Open Source Initiative (OSI).,Met,Some documentation basics file contents found.,?,,Met,"Repository on GitHub, which provides public git repositories with URLs.",Met,"Repository on GitHub, which uses git. git can track the changes, who made them, and when they were made.",?,,Met,"Repository on GitHub, which uses git. git is distributed.",?,,?,,?,,Met,Non-trivial release notes file in repository: <https://github.com/php-earth/docker-php/blob/master/CHANGELOG.md>.,?,,?,,?,,?,,?,,?,,?,,?,,?,,?,,Met,Non-trivial build file in repository: <https://github.com/php-earth/docker-php/blob/master/Makefile>.,Met,Non-trivial build file in repository: <https://github.com/php-earth/docker-php/blob/master/Makefile>.,?,,?,,?,,?,,?,,?,,?,,?,,?,,?,,?,,?,,?,,?,,?,,?,,?,,?,,?,,?,,?,,?,,?,,?,,?,,?,,?,,?,,?,,?,,?,,?,,,2017-06-19 09:59:05 UTC,2017-06-19 09:59:05 UTC,?,,?,,,Met,GitHub supports discussions on issues and pull requests.,?,,?,,?,,?,,?,,?,,?,,?,,?,,?,,21,,,2022-05-10 23:00:48 UTC,False,"Dockerfile, Shell, Makefile (CII estimate)",27,0,?,,?,,?,,?,,?,,?,,?,,?,,?,,?,,?,,?,,?,,?,,?,,?,,?,,?,,?,,?,,?,,?,,?,,?,,?,,?,,?,,?,,?,,?,,?,,?,,?,,?,,?,,?,,?,,?,,?,,?,,4,?,,?,,?,,?,,?,,?,,?,,?,,?,,?,,?,,?,,Unmet,,Unmet,,21,,,,,,,,,Met,
13,1058,1431,phpGPX,Simple library for reading and creating GPX files written in PHP.,https://sibyx.github.io/phpGPX,https://github.com/Sibyx/phpGPX,MIT,?,,Met,Given only https: URLs.,?,,?,,Met,"Projects on GitHub by default use issues and pull requests, as encouraged by documentation such as <https://guides.github.com/activities/contributing-to-open-source/>.",?,,Met,Non-trivial license location file in repository: <https://github.com/Sibyx/phpGPX/blob/master/LICENSE>.,Met,The MIT license is approved by the Open Source Initiative (OSI).,Met,The MIT license is approved by the Open Source Initiative (OSI).,Met,Some documentation basics file contents found.,?,,Met,"Repository on GitHub, which provides public git repositories with URLs.",Met,"Repository on GitHub, which uses git. git can track the changes, who made them, and when they were made.",?,,Met,"Repository on GitHub, which uses git. git is distributed.",?,,?,,?,,Met,Non-trivial release notes file in repository: <https://github.com/Sibyx/phpGPX/blob/master/CHANGELOG.md>.,?,,?,,?,,?,,?,,?,,?,,?,,?,,?,,?,,?,,?,,?,,?,,?,,?,,?,,?,,?,,?,,?,,?,,?,,?,,?,,?,,?,,?,,?,,?,,?,,?,,?,,?,,?,,?,,?,,?,,?,,?,,?,,?,,?,,,2017-06-19 15:11:04 UTC,2017-06-19 15:11:04 UTC,?,,?,,,Met,GitHub supports discussions on issues and pull requests.,?,,?,,?,,?,,?,,?,,?,,Unmet,"X-Content-Type-Options was not set to ""nosniff"".",?,,?,,18,,,2022-05-10 23:00:49 UTC,False,PHP (CII estimate),27,0,?,,?,,?,,?,,?,,?,,?,,?,,?,,?,,?,,?,,?,,?,,?,,?,,?,,?,,?,,?,,?,,?,,?,,?,,?,,?,,?,,?,,?,,?,,?,,?,,?,,?,,?,,?,,?,,?,,?,,?,,4,?,,?,,?,,?,,?,,?,,?,,?,,?,,?,,?,,?,,Unmet,,Unmet,,18,,,,,,,,,Met,
14,1060,1433,BGP rib data analysing,,https://github.com/gaoyifan/bgptools,https://github.com/gaoyifan/bgptools,MIT,?,,Met,Given only https: URLs.,?,,?,,Met,"Projects on GitHub by default use issues and pull requests, as encouraged by documentation such as <https://guides.github.com/activities/contributing-to-open-source/>.",?,,Met,Non-trivial license location file in repository: <https://github.com/gaoyifan/bgptools/blob/master/LICENSE>.,Met,The MIT license is approved by the Open Source Initiative (OSI).,Met,The MIT license is approved by the Open Source Initiative (OSI).,Unmet,No appropriate folder found for documentation basics.,?,,Met,"Repository on GitHub, which provides public git repositories with URLs.",Met,"Repository on GitHub, which uses git. git can track the changes, who made them, and when they were made.",?,,Met,"Repository on GitHub, which uses git. git is distributed.",?,,?,,?,,Unmet,No release notes file found.,?,,?,,?,,?,,?,,?,,?,,?,,?,,?,,?,,?,,?,,?,,?,,?,,?,,?,,?,,?,,?,,?,,?,,?,,?,,?,,?,,?,,?,,?,,?,,?,,?,,?,,?,,?,,?,,?,,?,,?,,?,,?,,?,,?,,,2017-06-20 06:30:18 UTC,2017-06-20 06:30:18 UTC,?,,?,,,Met,GitHub supports discussions on issues and pull requests.,?,,?,,?,,?,,?,,?,,?,,Met,Found all required security hardening headers.,?,,?,,15,,,2022-05-11 23:00:17 UTC,False,Rust (CII estimate),27,0,?,,?,,?,,?,,?,,?,,?,,?,,?,,?,,?,,?,,?,,?,,?,,?,,?,,?,,?,,?,,?,,?,,?,,?,,?,,?,,?,,?,,?,,?,,?,,?,,?,,?,,?,,?,,?,,?,,?,,?,,4,?,,?,,?,,?,,?,,?,,?,,?,,?,,?,,?,,?,,Unmet,,Unmet,,15,,,,,,,,,Met,
15,1061,1434,cJSON,Ultralightweight JSON parser in ANSI C,https://github.com/DaveGamble/cJSON,https://github.com/DaveGamble/cJSON,MIT,?,,Met,Given only https: URLs.,Met,https://github.com/DaveGamble/cJSON#welcome-to-cjson,Met,https://github.com/DaveGamble/cJSON,Met,"Projects on GitHub by default use issues and pull requests, as encouraged by documentation such as <https://guides.github.com/activities/contributing-to-open-source/>.",Met,https://github.com/DaveGamble/cJSON/blob/master/.github/CONTRIBUTING.md#coding-style,Met,Non-trivial license location file in repository: <https://github.com/DaveGamble/cJSON/blob/master/LICENSE>.,Met,The MIT license is approved by the Open Source Initiative (OSI).,Met,The MIT license is approved by the Open Source Initiative (OSI).,Met,"There is documentation in the README, but it could be better.",Met,"The external interface is documented in the library header.
https://github.com/DaveGamble/cJSON/blob/master/cJSON.h",Met,"Repository on GitHub, which provides public git repositories with URLs.",Met,"Repository on GitHub, which uses git. git can track the changes, who made them, and when they were made.",Met,Every single commit contained in releases is public. Some (but not all) changes are merged via github pull requests instead of directly pushing to the repository.,Met,"Repository on GitHub, which uses git. git is distributed.",Met,"cJSON uses semantic versioning.
https://github.com/DaveGamble/cJSON/releases",Met,,Met,https://github.com/DaveGamble/cJSON/releases,Met,Non-trivial release notes file in repository: <https://github.com/DaveGamble/cJSON/blob/master/CHANGELOG.md>.,Met,,?,,Met,https://github.com/DaveGamble/cJSON/issues,Met,https://github.com/DaveGamble/cJSON/issues/new,Met,https://github.com/DaveGamble/cJSON/issues?utf8=%E2%9C%93&q=is%3Aissue%20is%3Aclosed,Met,At time of writing there is no GitHub issue that has not been at least responded to.,Met,https://github.com/DaveGamble/cJSON/issues,Unmet,,Unmet,,Met,https://github.com/DaveGamble/cJSON/issues?q=is%3Aissue+is%3Aclosed+label%3Asecurity,Met,Non-trivial build file in repository: <https://github.com/DaveGamble/cJSON/blob/master/CMakeLists.txt>.,Met,Non-trivial build file in repository: <https://github.com/DaveGamble/cJSON/blob/master/CMakeLists.txt>.,Met,,Met,https://github.com/DaveGamble/cJSON/tree/master/tests,Met,"There is no standard way for unit testing in C, but testing is done using CMake's CTest, which produces standard test targets for most CMake backends.",Met,The tests cover most of cJSON but it is still lacking full coverage especially for small utility functions.,Met,https://github.com/DaveGamble/cJSON/blob/master/.github/CONTRIBUTING.md#unit-tests,Met,,Met,https://github.com/DaveGamble/cJSON/blob/master/.github/CONTRIBUTING.md#unit-tests,Met,"The CMake build file contains an extensive list of compiler warnings.
https://github.com/DaveGamble/cJSON/blob/master/CMakeLists.txt",Met,"-Werror is enabled for GCC and Clang, so all warnings have to be addressed for cJSON to build. The only exceptions are the unit tests, where some compiler flags have been disabled, but generally warnings are fixed there as well.",Met,"Almost all warnings that Clang and GCC provide are enabled and -Werror ensures that they are enforced.
-Werror is enforced in release builds as well, so users provide bug reports if there are warnings.",Met,,Met,,,,,,,,,,,,,,,,,,Met,"The main delivery method of cJSON is via GitHub, which provides access via HTTPS.",Met,"No cryptographic hashes are provided other than the git commit ids (which use the compromised SHA1 algorithm). GitHub and HTTPS is relied upon for integrity, publishing hashes would not help in this case. It would only help to detect transmission errors.",Met,https://github.com/DaveGamble/cJSON/issues?utf8=%E2%9C%93&q=is%3Aissue%20label%3Asecurity%20,Met,https://github.com/DaveGamble/cJSON/issues?utf8=%E2%9C%93&q=is%3Aissue%20label%3Asecurity%20,Met,Clang static analyzer is used. Also Coverity https://scan.coverity.com/projects/cjson?tab=overview although coverity is not used consistently for every single release.,Met,,Met,,Unmet,"Static analysis is performed every once in a while, but definitely before every release.",Met,"AddressSanitizer, UndefinedBehaviorSanitizer and Valgrind are used on every commit.",Met,"AddressSanitizer, UndefinedBehaviorSanitizer and Valgrind are used on every commit.
Every once in a while fuzzing is done via AFL.",Met,"There is no use of 'assert' but error conditions (such as invalid input, out of memory etc.) are handled at runtime.",Met,,,2017-06-20 21:46:52 UTC,2017-06-20 22:41:44 UTC,,,Met,"https://travis-ci.org/FSMaxB/cJSON
Travis-CI actually runs on FSMaxB/cJSON since I as a maintainer don't have full access to DaveGamble/cJSON. But FSMaxB/cJSON is kept in sync with the main repository.
Additionally there is a private Jenkins instance that tests the code on different processor architectures.",,Met,GitHub supports discussions on issues and pull requests.,Met,,Met,,Met,Currently cJSON sets '-fstack-protector-strong' for GCC and Clang. More will be investigated in the future.,,,,,,,,,Met,Found all required security hardening headers.,Met,"cJSON's CMake build system definition file provides a target for installing the library, it's headers and pkgconfig files.",Unmet,,97,,,2022-05-11 23:00:17 UTC,False,C,36,22,?,,?,,?,,?,,?,,?,,?,,?,,?,,?,,?,,?,,?,,?,,?,,?,,?,,?,,?,,?,,?,,?,,?,,?,,?,,?,,?,,?,,?,,?,,?,,?,,?,,?,,?,,?,,?,,?,,?,,?,,26,?,,?,,?,,?,,?,,?,,?,,?,,?,,?,,?,,?,,Unmet,,Unmet,,97,,,,,,,,,Met,
16,1062,1435,GAP,"GAP - Groups, Algorithms, Programming, a System for Computational Discrete Algebra",https://www.gap-system.org,https://github.com/gap-system/gap,GPL-2.0,?,,Met,,Met,https://www.gap-system.org,Met,,Met,Non-trivial contribution file in repository: <https://github.com/gap-system/gap/blob/master/CONTRIBUTING.md>.,Met,https://github.com/gap-system/gap/blob/master/CONTRIBUTING.md,Met,Non-trivial license location file in repository: <https://github.com/gap-system/gap/blob/master/LICENSE>.,Met,The GPL-2.0 license is approved by the Open Source Initiative (OSI).,Met,The GPL-2.0 license is approved by the Open Source Initiative (OSI).,Met,Some documentation basics file contents found.,Met,http://www.gap-system.org/Doc/manuals.html,Met,"Repository on GitHub, which provides public git repositories with URLs.",Met,"Repository on GitHub, which uses git. git can track the changes, who made them, and when they were made.",Met,,Met,"Repository on GitHub, which uses git. git is distributed.",Met,,Unmet,,Met,"We tag each release, see https://github.com/gap-system/gap/releases",Met,http://www.gap-system.org/Manuals/doc/changes/chap0_mj.html,,"Existence of vulnerabilities in GAP is irrelevant, GAP should not be used for anything which is security criticial, and should not be directl exposed via a network interface.",?,,Met,https://github.com/gap-system/gap/issues,Met,https://github.com/gap-system/gap/issues,Met,,Met,,Met,https://github.com/gap-system/gap/issues,Unmet,"We do not consider security vulnerabilities relevant to GAP development at this time; do not use it for security relevant applications, do not expose it to the internet, it is a full programming language and access to it is trivially exploitable (just like with, say, gcc)",,,,,Met,Non-trivial build file in repository: <https://github.com/gap-system/gap/blob/master/Makefile>.,Met,Non-trivial build file in repository: <https://github.com/gap-system/gap/blob/master/Makefile>.,Met,,Met,,Unmet,"Not okay, see https://github.com/gap-system/gap/issues/1439

Right now, you need to do `make teststandard` (and there are several other test suite related targets)",Unmet,"Not okay,  but we are working on it, see https://codecov.io/gh/gap-system/gap",Met,,Met,,Met,,Met,We use 	-Wall -Wextra -Wshadow -Wno-unused-parameter -Wno-sign-compare -Wno-implicit-fallthrough,Met,We try to have zero warnings,Met,"See above; we do disable three warning class: implict fallthrough is explicitly used by us, it would lead to tons of false warnings. The other two might be turne back on in the future, but for now also produce tons if false warnings. See https://github.com/gap-system/gap/issues/1440",?,,?,,,,,,,,,,,,,,,,,,Met,,?,,Met,,Met,,Unmet,,Unmet,,Met,,?,,?,,?,,?,,?,,,2017-06-20 22:08:57 UTC,2022-05-15 07:58:36 UTC,,,Met,See https://github.com/gap-system/gap/wiki/Developer-resources,,Met,"GitHub supports discussions on issues and pull requests.

There is also an open mailing list with archives, see https://github.com/gap-system/gap/wiki/Developer-resources",Met,,Met,,Unmet,,,,,,,,,,Unmet,"X-Content-Type-Options was not set to ""nosniff"". // X-Content-Type-Options was not set to ""nosniff"".",?,,Unmet,,85,,,2022-05-14 23:00:21 UTC,True,"C, GAP",36,15,?,,?,,?,,?,,?,,?,,?,,?,,?,,?,,?,,?,,?,,?,,?,,?,,?,,?,,?,,?,,?,,?,,?,,?,,?,,?,,?,,?,,?,,?,,?,,?,,?,,?,,?,,?,,?,,?,,?,,?,,17,?,,?,,?,,?,,?,,?,,?,,?,,?,,?,,?,,?,,Unmet,,Unmet,,85,,,,,,,,,Met,
17,1063,1341,gone,"Tidbits I wanted in Go but weren't there. Mabe I just need to learn the ""right"" way, but until then...",https://github.com/proidiot/gone,https://github.com/proidiot/gone,GPL-3.0+,?,,Met,Given only https: URLs.,?,,?,,Met,"Projects on GitHub by default use issues and pull requests, as encouraged by documentation such as <https://guides.github.com/activities/contributing-to-open-source/>.",?,,Met,Non-trivial license location file in repository: <https://github.com/proidiot/gone/blob/master/LICENSE>.,Met,The GPL-3.0 license is approved by the Open Source Initiative (OSI).,Met,The GPL-3.0 license is approved by the Open Source Initiative (OSI).,Unmet,No appropriate folder found for documentation basics.,?,,Met,"Repository on GitHub, which provides public git repositories with URLs.",Met,"Repository on GitHub, which uses git. git can track the changes, who made them, and when they were made.",?,,Met,"Repository on GitHub, which uses git. git is distributed.",?,,?,,?,,Unmet,No release notes file found.,?,,?,,?,,?,,?,,?,,?,,?,,?,,?,,?,,?,,?,,?,,?,,?,,?,,?,,?,,?,,?,,?,,?,,?,,?,,?,,?,,?,,?,,?,,?,,?,,?,,?,,?,,?,,?,,?,,?,,?,,?,,?,,?,,?,,,2017-06-21 04:03:35 UTC,2017-06-21 04:04:13 UTC,?,,?,,,Met,GitHub supports discussions on issues and pull requests.,?,,?,,?,,?,,?,,?,,?,,Met,Found all required security hardening headers.,?,,?,,15,,,2022-05-14 23:00:21 UTC,False,"Go, Shell (CII estimate)",28,0,?,,?,,?,,?,,?,,?,,?,,?,,?,,?,,?,,?,,?,,?,,?,,?,,?,,?,,?,,?,,?,,?,,?,,?,,?,,?,,?,,?,,?,,?,,?,,?,,?,,?,,?,,?,,?,,?,,?,,?,,4,?,,?,,?,,?,,?,,?,,?,,?,,?,,?,,?,,?,,Unmet,,Unmet,,15,,,,,,,,,Met,
18,1064,1436,electron clientele user management helper,,https://github.com/Sirius-A/electron-clientele-user-helper,https://github.com/Sirius-A/electron-clientele-user-helper,MIT,?,,Met,Given only https: URLs.,?,,?,,Met,"Projects on GitHub by default use issues and pull requests, as encouraged by documentation such as <https://guides.github.com/activities/contributing-to-open-source/>.",?,,Met,Non-trivial license location file in repository: <https://github.com/Sirius-A/electron-clientele-user-helper/blob/master/LICENSE>.,Met,The MIT license is approved by the Open Source Initiative (OSI).,Met,The MIT license is approved by the Open Source Initiative (OSI).,Unmet,No appropriate folder found for documentation basics.,?,,Met,"Repository on GitHub, which provides public git repositories with URLs.",Met,"Repository on GitHub, which uses git. git can track the changes, who made them, and when they were made.",?,,Met,"Repository on GitHub, which uses git. git is distributed.",?,,?,,?,,Unmet,No release notes file found.,?,,?,,?,,?,,?,,?,,?,,?,,?,,?,,?,,?,,?,,?,,?,,?,,?,,?,,?,,?,,?,,?,,?,,?,,?,,?,,?,,?,,?,,?,,?,,?,,?,,?,,?,,?,,?,,?,,?,,?,,?,,?,,?,,?,,,2017-06-21 06:37:52 UTC,2017-06-21 06:37:52 UTC,?,,?,,,Met,GitHub supports discussions on issues and pull requests.,?,,?,,?,,?,,?,,?,,?,,Met,Found all required security hardening headers.,?,,?,,15,,,2022-05-14 23:00:21 UTC,False,"JavaScript, PowerShell, Batchfile (CII estimate)",27,0,?,,?,,?,,?,,?,,?,,?,,?,,?,,?,,?,,?,,?,,?,,?,,?,,?,,?,,?,,?,,?,,?,,?,,?,,?,,?,,?,,?,,?,,?,,?,,?,,?,,?,,?,,?,,?,,?,,?,,?,,4,?,,?,,?,,?,,?,,?,,?,,?,,?,,?,,?,,?,,Unmet,,Unmet,,15,,,,,,,,,Met,
19,1066,1442,take_everywhere,,https://github.com/yoyowinwin/take_everywhere,https://github.com/yoyowinwin/take_everywhere,,?,,Met,Given only https: URLs.,?,,?,,Met,"Projects on GitHub by default use issues and pull requests, as encouraged by documentation such as <https://guides.github.com/activities/contributing-to-open-source/>.",?,,Unmet,No license location file found.,?,,?,,Unmet,No appropriate folder found for documentation basics.,?,,Met,"Repository on GitHub, which provides public git repositories with URLs.",Met,"Repository on GitHub, which uses git. git can track the changes, who made them, and when they were made.",?,,Met,"Repository on GitHub, which uses git. git is distributed.",?,,?,,?,,Unmet,No release notes file found.,?,,?,,?,,?,,?,,?,,?,,?,,?,,?,,?,,?,,?,,?,,?,,?,,?,,?,,?,,?,,?,,?,,?,,?,,?,,?,,?,,?,,?,,?,,?,,?,,?,,?,,?,,?,,?,,?,,?,,?,,?,,?,,?,,?,,,2017-06-22 06:00:45 UTC,2017-06-22 06:02:36 UTC,?,,?,,,Met,GitHub supports discussions on issues and pull requests.,?,,?,,?,,?,,?,,?,,?,,Met,Found all required security hardening headers.,?,,?,,10,,,2022-05-14 23:00:21 UTC,False,Vim script (CII estimate),28,0,?,,?,,?,,?,,?,,?,,?,,?,,?,,?,,?,,?,,?,,?,,?,,?,,?,,?,,?,,?,,?,,?,,?,,?,,?,,?,,?,,?,,?,,?,,?,,?,,?,,?,,?,,?,,?,,?,,?,,?,,4,?,,?,,?,,?,,?,,?,,?,,?,,?,,?,,?,,?,,Unmet,,Unmet,,10,,,,,,,,,Met,
20,1067,394,eID Middleware repository,Official software for the Belgian electronic identity card,https://eid.belgium.be,https://github.com/Fedict/eid-mw,LGPL-3.0,?,,Met,Given only https: URLs.,Met,,Met,,Met,"Projects on GitHub by default use issues and pull requests, as encouraged by documentation such as <https://guides.github.com/activities/contributing-to-open-source/>.",Unmet,There are no such formal requirements,Met,Non-trivial license location file in repository: <https://github.com/Fedict/eid-mw/blob/master/COPYING>.,Met,The LGPL-3.0 license is approved by the Open Source Initiative (OSI).,Met,The LGPL-3.0 license is approved by the Open Source Initiative (OSI).,Met,"documentation is found in the /doc directory of the repository, on the project's wiki, and on its official website",Met,,Met,"Repository on GitHub, which provides public git repositories with URLs.",Met,"Repository on GitHub, which uses git. git can track the changes, who made them, and when they were made.",Met,,Met,"Repository on GitHub, which uses git. git is distributed.",Met,,Unmet,,Met,"We tag every release in git, usually signed tags -- unless we forget, which sometimes happens",Met,Release notes are provided through the official distribution channels on https://eid.belgium.be/,,There are no known vulnerabilities,?,,Met,,Met,Can be done through the standard github issue trackers on https://github.com/Fedict/eid-mw/issues,Met,,Met,,Met,"issues are recorded in github -- https://github.com/Fedict/eid-mw/issues

Additionally, a google group exists, where sometimes issues are reported, too: https://groups.google.com/forum/#!forum/eid-middleware-dev",Met,"Just uses GitHub, people can use the GitHub issue tracking system at https://github.com/Fedict/eid-mw/issue",,private reports are not currently supported,,no vulnerability report has been received in at least the past three years,Met,,Met,,Met,"The project is buildable using only FLOSS tools on FLOSS platforms. For the Windows and OSX platform, native tools are required (i.e., Xcode and Visual Studio) to build the software.",Met,Test suite exists and is part of the standard build systems,Met,,Unmet,"It's not okay, but full coverage is difficult",Unmet,"Software is in maintenance-only mode, no major new functionality is expected.

Additionally, when the environments on which the software runs change drastically, updating the software so it can be used against in the minimal possible amount of time is way more important than ensuring test suite completeness",Met,"Since there is no such policy, it is met...",Unmet,,Met,Warnings are on by default.,Met,"Code currently compiles warning-free, apart from deprecation warnings for constructs that we need to retain for backward compatibility",Met,,Met,,Met,,Met,"The software allows the use of SHA1, but only for backwards compatibility.",Met,"The major goal of this software is to allow access to the card to perform, e.g., cryptographic operations. It does not implement these operations itself, although it does implement a few cryptographically secure hashing algorithms.",Met,,Unmet,"Key lengths are configured on the card, not using the software. Some older cards use 1024-bit RSA keys, and dropping support for this is not an option.",Met,,,"software implements access to a card for RSA and hashing, does not implement a full TLS stack, and PFS does not apply",,"software implements access to a card for RSA and hashing, does not store any passwords",,keys are not generated by this software,Met,"software is shipped on https://eid.belgium.be/, and Linux binaries through signed repositories",Met,"no hashes are provided through eid.belgium.be, hashes in repositories are cryptographically signed",Met,"no vulnerabilities in the past three years, at least",Met,,Met,Coverity Scan on an automated weekly basis; occasionally the clang static analyzer too,Met,Coverity Scan does have such rules,Met,,Unmet,"project has too many LOC for daily checks with coverity, but it is done weekly.",Unmet,,Unmet,,Unmet,,,no dynamic analysis is performed,,2017-06-22 08:56:36 UTC,2017-06-23 16:30:01 UTC,Unmet,We must allow SHA1 for backwards compatibility with older cards,Met,we use both travis and buildbot to do this. The test suite is run as part of both.,,Met,GitHub supports discussions on issues and pull requests.,Met,,Met,,?,,,,,,,,,,Unmet,"Found all required security hardening headers. X-Content-Type-Options was not set to ""nosniff"". One or more of the required security hardening headers is missing.",Met,"installers for Windows and macOS, package repositories for well-known Linux distributions, source tarball for other systems",?,,97,,,2022-05-18 23:00:26 UTC,False,"C, C#, Objective-C, C++",35,11,?,,?,,?,,?,,?,,?,,?,,?,,?,,?,,?,,?,,?,,?,,?,,?,,?,,?,,?,,?,,?,,?,,?,,?,,?,,?,,?,,?,,?,,?,,?,,?,,?,,?,,?,,?,,?,,?,,?,,?,,13,?,,?,,?,,?,,?,,?,,?,,?,,?,,?,,?,,?,,Unmet,,Unmet,,97,,,,,,,,,Met,
21,1068,1443,Read-only,,https://github.com/armangharib/admin,https://github.com/armangharib/admin,,?,,Met,Given only https: URLs.,?,,?,,Met,"Projects on GitHub by default use issues and pull requests, as encouraged by documentation such as <https://guides.github.com/activities/contributing-to-open-source/>.",?,,Unmet,No license location file found.,?,,?,,Unmet,No appropriate folder found for documentation basics.,?,,Met,"Repository on GitHub, which provides public git repositories with URLs.",Met,"Repository on GitHub, which uses git. git can track the changes, who made them, and when they were made.",?,,Met,"Repository on GitHub, which uses git. git is distributed.",?,,?,,?,,Unmet,No release notes file found.,?,,?,,?,,?,,?,,?,,?,,?,,?,,?,,?,,?,,?,,?,,?,,?,,?,,?,,?,,?,,?,,?,,?,,?,,?,,?,,?,,?,,?,,?,,?,,?,,?,,?,,?,,?,,?,,?,,?,,?,,?,,?,,?,,?,,,2017-06-22 22:28:16 UTC,2017-06-22 22:28:16 UTC,?,,?,,,Met,GitHub supports discussions on issues and pull requests.,?,,?,,?,,?,,?,,?,,?,,Met,Found all required security hardening headers.,?,,?,,10,,,2022-05-16 23:00:26 UTC,False,,27,0,?,,?,,?,,?,,?,,?,,?,,?,,?,,?,,?,,?,,?,,?,,?,,?,,?,,?,,?,,?,,?,,?,,?,,?,,?,,?,,?,,?,,?,,?,,?,,?,,?,,?,,?,,?,,?,,?,,?,,?,,4,?,,?,,?,,?,,?,,?,,?,,?,,?,,?,,?,,?,,Unmet,,Unmet,,10,,,,,,,,,Met,
22,1069,1445,ansible-prometheus,Ansible playbook for installing Prometheus monitoring system,https://github.com/ernestas-poskus/ansible-prometheus,https://github.com/ernestas-poskus/ansible-prometheus,BSD-3-Clause,?,,Met,Given only https: URLs.,?,,?,,Met,"Projects on GitHub by default use issues and pull requests, as encouraged by documentation such as <https://guides.github.com/activities/contributing-to-open-source/>.",?,,Met,Non-trivial license location file in repository: <https://github.com/ernestas-poskus/ansible-prometheus/blob/master/LICENSE>.,Met,The BSD-3-Clause license is approved by the Open Source Initiative (OSI).,Met,The BSD-3-Clause license is approved by the Open Source Initiative (OSI).,Unmet,No appropriate folder found for documentation basics.,?,,Met,"Repository on GitHub, which provides public git repositories with URLs.",Met,"Repository on GitHub, which uses git. git can track the changes, who made them, and when they were made.",?,,Met,"Repository on GitHub, which uses git. git is distributed.",?,,?,,?,,Unmet,No release notes file found.,?,,?,,?,,?,,?,,?,,?,,?,,?,,?,,?,,?,,?,,?,,?,,?,,?,,?,,?,,?,,?,,?,,?,,?,,?,,?,,?,,?,,?,,?,,?,,?,,?,,?,,?,,?,,?,,?,,?,,?,,?,,?,,?,,?,,,2017-06-23 06:49:42 UTC,2017-06-23 06:49:42 UTC,?,,?,,,Met,GitHub supports discussions on issues and pull requests.,?,,?,,?,,?,,?,,?,,?,,Met,Found all required security hardening headers.,?,,?,,15,,,2022-05-18 23:00:25 UTC,False,Ruby (CII estimate),27,0,?,,?,,?,,?,,?,,?,,?,,?,,?,,?,,?,,?,,?,,?,,?,,?,,?,,?,,?,,?,,?,,?,,?,,?,,?,,?,,?,,?,,?,,?,,?,,?,,?,,?,,?,,?,,?,,?,,?,,?,,4,?,,?,,?,,?,,?,,?,,?,,?,,?,,?,,?,,?,,Unmet,,Unmet,,15,,,,,,,,,Met,
23,1070,1447,:tada: Convention Control Framework for hapi :tada:,,https://www.npmjs.com/package/hapi-arch,https://github.com/AhmedAli7O1/hapi-arch,MIT,?,,Met,Given only https: URLs.,Met,,Met,,Met,"Projects on GitHub by default use issues and pull requests, as encouraged by documentation such as <https://guides.github.com/activities/contributing-to-open-source/>.",?,,Met,Non-trivial license location file in repository: <https://github.com/AhmedAli7O1/hapi-arch/blob/master/LICENSE>.,Met,The MIT license is approved by the Open Source Initiative (OSI).,Met,The MIT license is approved by the Open Source Initiative (OSI).,Met,No appropriate folder found for documentation basics.,Met,,Met,"Repository on GitHub, which provides public git repositories with URLs.",Met,"Repository on GitHub, which uses git. git can track the changes, who made them, and when they were made.",Met,,Met,"Repository on GitHub, which uses git. git is distributed.",Met,,Met,,Met,,,No release notes file found.,Met,,?,,Met,,?,,Met,,Met,,?,,?,,?,,Met,,Met,,Met,,Met,,Met,,Met,,Met,,Met,,Met,,Met,,Met,,Met,,Met,,Met,,Met,,Met,,Met,,Met,,Met,,Met,,Met,,Met,,Met,,Met,,Met,,Met,,Met,,,,Met,,Met,,Met,,Met,,Met,,Met,,Met,,,2017-06-25 02:04:12 UTC,2017-06-25 02:12:32 UTC,Met,,Met,,,Met,GitHub supports discussions on issues and pull requests.,Met,,Met,,Met,,Met,,Met,,Met,,Met,,Met,Found all required security hardening headers.,Met,,Met,,91,,,2022-05-21 23:00:14 UTC,False,JavaScript (CII estimate),33,0,?,,?,,?,,?,,?,,?,,?,,?,,?,,?,,?,,?,,?,,?,,?,,?,,?,,?,,?,,?,,?,,?,,?,,?,,?,,?,,?,,?,,?,,?,,?,,?,,?,,?,,?,,?,,?,,?,,?,,?,,4,?,,?,,?,,?,,?,,?,,?,,?,,?,,?,,?,,?,,Unmet,,Unmet,,91,,,,,,,,,Met,
24,1071,1451,Hyperledger Composer,Hyperledger Composer is a framework for building Blockchain business networks,https://hyperledger.github.io/composer,https://github.com/hyperledger/composer,Apache-2.0,?,,Met,Given only https: URLs.,Met,"A succinct description is provided on the home page, via the three main points:
https://hyperledger.github.io/composer/

A more complete description is provided as the introduction in the documentation:
https://hyperledger.github.io/composer/introduction/introduction.html",Met,"Installation guides available in the documentation:
https://hyperledger.github.io/composer/installing/installing-index.html

Support page describes how to provide feedback and contribute:
https://hyperledger.github.io/composer/support/support-index.html",Met,"Contributing guide explains the contribution process using pull requests:
https://github.com/hyperledger/composer/blob/master/CONTRIBUTING.md",Met,"Contributing guide provides guiding guidelines:
https://github.com/hyperledger/composer/blob/master/contrib-notes/coding-guidelines.md",Met,"Project is licensed under the Apache-2.0 license:
https://github.com/hyperledger/composer/blob/master/LICENSE.txt",Met,"Project is licensed under the Apache-2.0 license:
https://github.com/hyperledger/composer/blob/master/LICENSE.txt

Documentation shows this as well (scroll to bottom):
https://hyperledger.github.io/composer/ The Apache-2.0 license is approved by the Open Source Initiative (OSI).",Met,Apache-2.0 license is approved by the Open Source Initiative (OSI). The Apache-2.0 license is approved by the Open Source Initiative (OSI).,Met,"Project documentation provided here:
https://hyperledger.github.io/composer/",Met,"Project documentation provided here:
https://hyperledger.github.io/composer/

For example, details of APIs provided by the project:
https://hyperledger.github.io/composer/applications/node.html
https://hyperledger.github.io/composer/integrating/getting-started-rest-api.html",Met,"Repository on GitHub, which provides public git repositories with URLs:
https://github.com/hyperledger/composer",Met,"Repository on GitHub, which uses git. git can track the changes, who made them, and when they were made:
https://github.com/hyperledger/composer Repository on GitHub, which uses git. git can track the changes, who made them, and when they were made.",Met,"Full tracking of source code, including interim versions in-between weekly releases, is tracked on GitHub in the master branch:
https://github.com/hyperledger/composer

GitHub releases are used for cutting weekly releases from the master branch.",Met,"Repository on GitHub, which uses git. git is distributed:
https://github.com/hyperledger/composer Repository on GitHub, which uses git. git is distributed.",Met,"Weekly releases are created using unique version numbers:
https://github.com/hyperledger/composer/releases",Met,,Met,"GitHub releases and tags track each weekly release:
https://github.com/hyperledger/composer/releases
https://github.com/hyperledger/composer/tags",Met,"Each weekly release includes release notes, lovingly written by the team, for example:
https://github.com/hyperledger/composer/releases/tag/v0.16.0",,"There have been no publicly known vulnerabilities.
However, bugs fixed in each release are recorded in the release notes:
https://github.com/hyperledger/composer/releases/tag/v0.16.0",?,,Met,"Issues are individually tracked as GitHub issues, for example:
https://github.com/hyperledger/composer/issues/2799",Met,"Bug reports are raised as issues on GitHub, and we provide a template to collect required information:
https://github.com/hyperledger/composer/issues/new

Everybody has permission to create an issue on GitHub.",Met,We go through a regular process of reviewing and tagging all new bug reports.,Met,We go through a regular process of reviewing and tagging all new enhancement requests.,Met,https://github.com/hyperledger/composer,Met,https://docs.google.com/document/d/1gne57E4XEAxETZh_pmyVVWyI7FgXkmD72U3HfG193D8/edit,Met,https://docs.google.com/document/d/1gne57E4XEAxETZh_pmyVVWyI7FgXkmD72U3HfG193D8/edit,,,Met,"Travis CI is used to automatically build pull requests, merge builds, and release builds:
https://travis-ci.org/hyperledger/composer",Met,"Standard open source build tools for JavaScript software are used for building the software, including Node.js and npm.",Met,"Standard open source build tools for JavaScript software are used for building the software, including Node.js and npm.",Met,"The project includes automated unit tests, functional tests, and integration tests of all software components.",Met,"All unit tests are automated using ""npm test"", which is the standard way for JavaScript.
Additional npm targets have been set up to run the functional tests and integration tests.",Met,"We use Istanbul, a code coverage tool, to try and ensure that the unit tests cover 100% of the code. We currently have some minor debt to clean up where we are not quite at 100%, but we are very close.",Met,"Code cannot be merged without adding unit tests that cover 100% of the code. The pull request build will fail and the maintainers cannot merge a failed build.
We encourage contributors to deliver functional and integration tests at the same time as the code, but often this is delivered in a follow up pull request.",Met,"The builds and automated tests are run for each release build of the project.
These can be viewed in Travis CI.
See this pull request for an example which adds unit tests and functional tests to verify the move from ES5 to ES7 for transaction processor functions:
https://github.com/hyperledger/composer/pull/2925/files",Met,"Requirements for testing are documented in the contributing guide:
https://github.com/hyperledger/composer/blob/master/contrib-notes/coding-guidelines.md#testing",Met,"The JavaScript linting tool eslint is used to scan all JavaScript code:
https://github.com/hyperledger/composer/blob/master/packages/composer-client/.eslintrc.yml

The TypeScript linting tool tslint is used to scan all TypeScript code:
https://github.com/hyperledger/composer/blob/master/packages/composer-playground/tslint.json",Met,"Linting checks cause the build to fail. Code that fails to pass the linting checks will cause the pull request build to fail, and maintainers will be unable to merge the changes.",Met,"We turn on a lot of linting rules, based upon the set of rules recommended by the linting tools. ",Met,,Met,,,"All cryptography used by Hyperledger Composer is provided by the underlying blockchain technology, currently Hyperledger Fabric.",,"All cryptography used by Hyperledger Composer is provided by the underlying blockchain technology, currently Hyperledger Fabric.",,"All cryptography used by Hyperledger Composer is provided by the underlying blockchain technology, currently Hyperledger Fabric.",,"All cryptography used by Hyperledger Composer is provided by the underlying blockchain technology, currently Hyperledger Fabric.",,"All cryptography used by Hyperledger Composer is provided by the underlying blockchain technology, currently Hyperledger Fabric.",,"All cryptography used by Hyperledger Composer is provided by the underlying blockchain technology, currently Hyperledger Fabric.",,"All cryptography used by Hyperledger Composer is provided by the underlying blockchain technology, currently Hyperledger Fabric.",,"All cryptography used by Hyperledger Composer is provided by the underlying blockchain technology, currently Hyperledger Fabric.",Met,"Software is delivered via standard mechanisms, either npm or Docker Hub. Both are secured using https.",Met,"Software is delivered via standard mechanisms, either npm or Docker Hub. Both are secured using https.",Met,There are no currently open vulnerabilities of medium or high severity.,Met,,Met,"eslint, tslint, license-check",,,Met,release criteria,Met,,Met,release criteria require dynamic scan(s) be completed prior to release,,,Unmet,,Met,,,2017-06-26 07:52:20 UTC,2018-02-27 10:33:32 UTC,,"All cryptography used by Hyperledger Composer is provided by the underlying blockchain technology, currently Hyperledger Fabric.",Met,"All pull requests are automatically built and tested, as are merge builds, and release builds.
Code cannot be integrated into the main repository without going through a build and test cycle.",,Met,GitHub supports discussions on issues and pull requests.,Met,"The public repository only contains sample credentials used in testing, such as the default ID/secret for the Fabric CA.
Travis CI secrets are used to protect API keys that are used for publishing to npm, Docker Hub, and Bluemix.",Met,"Project documentation provided in English here:
https://hyperledger.github.io/composer/

GitHub issue tracker allows anybody to raise bug reports/comments in English:
https://github.com/hyperledger/composer/issues",?,,?,,?,,?,,?,,Unmet,"X-Content-Type-Options was not set to ""nosniff"". # X-Content-Type-Options was not set to ""nosniff"". // X-Content-Type-Options was not set to ""nosniff"".",?,,?,,100,2018-02-27 10:33:32 UTC,,2018-01-25 23:01:06 UTC,False,"JavaScript, TypeScript",13,11,?,,?,,?,,?,,?,,?,,?,,?,,?,,?,,?,,?,,?,,?,,?,,?,,?,,?,,?,,?,,?,,?,,?,,?,,?,,?,,?,,?,,?,,?,,?,,?,,?,,?,,?,,?,,?,,?,,?,,?,,9,?,,?,,?,,?,,?,,?,,?,,?,,?,,?,,?,,?,,Met,,Unmet,,111,,,,,,2018-02-27 10:33:32 UTC,,,Met,
25,1072,1454,suman,"Advanced, user-friendly, language-agnostic, super-high-performance test runner.",https://github.com/sumanjs/suman,https://github.com/sumanjs/suman,ISC,?,,Met,Given only https: URLs.,Met,,Met,,Met,Non-trivial contribution file in repository: <https://github.com/sumanjs/suman/blob/master/CONTRIBUTING.md>.,Met,There is a non-trivial CONTRIBUTING.md file in the source repo. ,Met,No license location file found.,Met,Yep. The ISC license is approved by the Open Source Initiative (OSI).,Met,The ISC license is approved by the Open Source Initiative (OSI).,Met,Documentation can be found at sumanjs.org,Met,Documentation can be found at sumanjs.org,Met,"Repository on GitHub, which provides public git repositories with URLs.",Met,"Repository on GitHub, which uses git. git can track the changes, who made them, and when they were made.",Met,,Met,"Repository on GitHub, which uses git. git is distributed.",Met,NPM takes care of this.,Met,,Met,,Met,Release notes will come with each tagged release.,Met,Release notes will come with each tagged release.,?,,Met,https://github.com/sumanjs/suman/issues,Met,https://github.com/sumanjs/suman/issues,Met,https://github.com/sumanjs/suman/issues,Met,https://github.com/sumanjs/suman/issues,Met,https://github.com/sumanjs/suman/issues,Met,Please report vulnerabilities using the Github issue tracker.,Met,Please share an encrypted file over email.,Met,This requirement has and will be met.,Met,Suman ecosystem is primarily written in TypeScript which can be build from source using the tsc executable.,Met,TypeScript is a common tool.,Met,TypeScript is FLOSS.,Met,Suman is written using an automated test suite.,Met,,Met,We have near 90% code coverage.,Met,You betcha.,Met,,?,,?,,?,,?,,Met,This is me.,Met,This is me.,Met,All crypto is 3rd party.,Met,Yep,Met,Yep,Met,Done ,Met,Done,Met,Done,Met,Done,Met,Done,Met,Done,Met,Done,Met,Yep,Met,Yep,Met,"we use node --check, as well as TypeScript for this.",Met,TypeScript achieves this,Met,Yep,Met,Yep,Met,Isn't that what an automated test suite is for?,Met,JS is managed memory.,Met,Yep,Met,Yep,,2017-06-26 22:25:41 UTC,2017-10-14 06:22:21 UTC,Met,Done,Met,Suman uses TravisCI,cpe:suman,Met,GitHub supports discussions on issues and pull requests.,Met,Yes,Met,,?,,?,,?,,?,,?,,Met,Found all required security hardening headers.,?,,?,,87,,,2022-02-22 23:00:35 UTC,False,"typescript, javascript, node.js",37,5,?,,?,,?,,?,,?,,?,,?,,?,,?,,?,,?,,?,,?,,?,,?,,?,,?,,?,,?,,?,,?,,?,,?,,?,,?,,?,,?,,?,,?,,?,,?,,?,,?,,?,,?,,?,,?,,?,,?,,?,,9,?,,?,,?,,?,,?,,?,,?,,?,,?,,?,,?,,?,,Unmet,,Unmet,,87,,,,,,,,,Met,
26,1073,1456,Âà©Áî®Elasticsearch Logstash Kibana RedisÊê≠Âª∫,,https://github.com/n3uz/ELKR-STACK,https://github.com/n3uz/ELKR-STACK,,?,,Met,Given only https: URLs.,?,,?,,Met,"Projects on GitHub by default use issues and pull requests, as encouraged by documentation such as <https://guides.github.com/activities/contributing-to-open-source/>.",?,,Unmet,No license location file found.,?,,?,,Unmet,No appropriate folder found for documentation basics.,?,,Met,"Repository on GitHub, which provides public git repositories with URLs.",Met,"Repository on GitHub, which uses git. git can track the changes, who made them, and when they were made.",?,,Met,"Repository on GitHub, which uses git. git is distributed.",?,,?,,?,,Unmet,No release notes file found.,?,,?,,?,,?,,?,,?,,?,,?,,?,,?,,?,,?,,?,,?,,?,,?,,?,,?,,?,,?,,?,,?,,?,,?,,?,,?,,?,,?,,?,,?,,?,,?,,?,,?,,?,,?,,?,,?,,?,,?,,?,,?,,?,,?,,,2017-06-28 03:25:23 UTC,2017-06-28 03:25:23 UTC,?,,?,,,Met,GitHub supports discussions on issues and pull requests.,?,,?,,?,,?,,?,,?,,?,,Met,Found all required security hardening headers.,?,,?,,10,,,2022-02-24 23:00:39 UTC,False,,26,0,?,,?,,?,,?,,?,,?,,?,,?,,?,,?,,?,,?,,?,,?,,?,,?,,?,,?,,?,,?,,?,,?,,?,,?,,?,,?,,?,,?,,?,,?,,?,,?,,?,,?,,?,,?,,?,,?,,?,,?,,4,?,,?,,?,,?,,?,,?,,?,,?,,?,,?,,?,,?,,Unmet,,Unmet,,10,,,,,,,,,Met,
27,1074,1169,QtOSG,A proof-of-concept widget for integrating Qt and OpenSceneGraph in a thread-safe manner,https://github.com/Submanifold/QtOSG,https://github.com/Submanifold/QtOSG,MIT,?,,Met,Given only https: URLs.,Met,,Met,,Met,Non-trivial contribution file in repository: <https://github.com/Submanifold/QtOSG/blob/master/CONTRIBUTING.md>.,Met,<https://github.com/Submanifold/QtOSG/blob/master/CONTRIBUTING.md,Met,Non-trivial license location file in repository: <https://github.com/Submanifold/QtOSG/blob/master/LICENSE.md>.,Met,The MIT license is approved by the Open Source Initiative (OSI).,Met,The MIT license is approved by the Open Source Initiative (OSI).,Met,https://github.com/Submanifold/QtOSG/blob/master/README.md,Met,https://github.com/Submanifold/QtOSG/blob/master/README.md,Met,"Repository on GitHub, which provides public git repositories with URLs.",Met,"Repository on GitHub, which uses git. git can track the changes, who made them, and when they were made.",Met,,Met,"Repository on GitHub, which uses git. git is distributed.",Met,https://github.com/Submanifold/QtOSG/releases,Met,,Met,https://github.com/Submanifold/QtOSG/releases,Met,No release notes file found. Non-trivial release notes file in repository: <https://github.com/Submanifold/QtOSG/blob/master/CHANGELOG.md>.,,No known vulnerabilities,?,,Met,https://github.com/Submanifold/QtOSG/issues,Met,https://github.com/Submanifold/QtOSG/issues,Met,https://github.com/Submanifold/QtOSG/issues,Met,https://github.com/Submanifold/QtOSG/issues,Met,https://github.com/Submanifold/QtOSG/issues,Met,https://github.com/Submanifold/QtOSG/issues,,"Not applicable because private vulnerability reports are not supported. The code is GUI widget, making private vulnerabilities somewhat superfluous.",,Did not receive a vulnerability report in that time,Met,Non-trivial build file in repository: <https://github.com/Submanifold/QtOSG/blob/master/CMakeLists.txt>.,Met,Non-trivial build file in repository: <https://github.com/Submanifold/QtOSG/blob/master/CMakeLists.txt>.,Met,,Met,"The project is a GUI widget. It cannot be tested easily using automated means. I am using Travis CI, however, do check for compilation issues.",Unmet,Not applicable as this is a GUI widget.,Unmet,Not applicable as this is a GUI widget.,Met,Not applicable as this is a GUI widget.,Met,Not applicable as this is a GUI widget.,Unmet,Not applicable as this is a GUI widget.,Met,Compiling with `-Wall -pedantic`,Met,,Met,,Met,"It's a GUI widget. I am aware of best practices concerning buffer overflows and things like that, but real input validation is not required here.",Met,"Seeing that this a GUI widget, there's not much room for attack. It renders stuff by passing it to OpenSceneGraph. Hence, the vulnerabilities of OSG are our vulnerabilities to some extent.",,,,,,,,,,,,,,,,,Met,,Met,,Met,,Met,,,"This is a GUI widget and a proof-of-concept, so static code analysis is not applicable.",,"This is a GUI widget and a proof-of-concept, so static code analysis is not applicable.",,"This is a GUI widget and a proof-of-concept, so static code analysis is not applicable.",,"This is a GUI widget and a proof-of-concept, so static code analysis is not applicable.",Unmet,"This is a GUI widget and a proof-of-concept, so static code analysis is not applicable.",,"This is a GUI widget and a proof-of-concept, so static code analysis is not applicable.",Unmet,"This is a GUI widget and a proof-of-concept, so static code analysis is not applicable.",,"This is a GUI widget and a proof-of-concept, so static code analysis is not applicable.",,2017-06-28 08:08:32 UTC,2017-07-25 13:35:57 UTC,,,Met,https://travis-ci.org/Submanifold/QtOSG,,Met,GitHub supports discussions on issues and pull requests.,Met,,Met,,?,,,,,,,,,,Met,Found all required security hardening headers.,?,,Met,https://travis-ci.org/Submanifold/QtOSG,100,2017-07-25 13:35:57 UTC,,,False,C++,15,18,?,,?,,?,,?,,?,,?,,?,,?,,?,,?,,?,,?,,?,,?,,?,,?,,?,,?,,?,,?,,?,,?,,?,,?,,?,,?,,?,,?,,?,,?,,?,,?,,?,,?,,?,,?,,?,,?,,?,,?,,26,?,,?,,?,,?,,?,,?,,?,,?,,?,,?,,?,,?,,Met,,Unmet,,118,,,,,,2017-07-25 13:35:57 UTC,,,Met,
28,1075,1457,tinycompo,,https://github.com/vlanore/tinycompo,https://github.com/vlanore/tinycompo,OTHER,?,,Met,Given only https: URLs.,?,,?,,Met,"Projects on GitHub by default use issues and pull requests, as encouraged by documentation such as <https://guides.github.com/activities/contributing-to-open-source/>.",?,,Met,Non-trivial license location file in repository: <https://github.com/vlanore/tinycompo/blob/master/LICENSE.txt>.,?,,Unmet,Did not find license in the OSI list.,Unmet,No appropriate folder found for documentation basics.,?,,Met,"Repository on GitHub, which provides public git repositories with URLs.",Met,"Repository on GitHub, which uses git. git can track the changes, who made them, and when they were made.",?,,Met,"Repository on GitHub, which uses git. git is distributed.",?,,?,,?,,Unmet,No release notes file found.,?,,?,,?,,?,,?,,?,,?,,?,,?,,?,,Met,Non-trivial build file in repository: <https://github.com/vlanore/tinycompo/blob/master/Makefile>.,Met,Non-trivial build file in repository: <https://github.com/vlanore/tinycompo/blob/master/Makefile>.,?,,?,,?,,?,,?,,?,,?,,?,,?,,?,,?,,?,,?,,?,,?,,?,,?,,?,,?,,?,,?,,?,,?,,?,,?,,?,,?,,?,,?,,?,,?,,?,,,2017-06-28 13:19:55 UTC,2017-06-28 13:19:55 UTC,?,,?,,,Met,GitHub supports discussions on issues and pull requests.,?,,?,,?,,?,,?,,?,,?,,Met,Found all required security hardening headers.,?,,?,,16,,,2022-02-24 23:00:39 UTC,False,"C++, Makefile (CII estimate)",26,0,?,,?,,?,,?,,?,,?,,?,,?,,?,,?,,?,,?,,?,,?,,?,,?,,?,,?,,?,,?,,?,,?,,?,,?,,?,,?,,?,,?,,?,,?,,?,,?,,?,,?,,?,,?,,?,,?,,?,,?,,4,?,,?,,?,,?,,?,,?,,?,,?,,?,,?,,?,,?,,Unmet,,Unmet,,16,,,,,,,,,Met,
29,1078,1460,LDAPImporter,Simple script to read from a CSV file and import rows into an LDAP database.,https://github.com/QNimbus/LDAPImporter,https://github.com/QNimbus/LDAPImporter,MIT,?,,Met,Given only https: URLs.,Met,https://github.com/QNimbus/LDAPImporter/blob/master/README.md,Met,https://gist.github.com/PurpleBooth/b24679402957c63ec426,Met,"Projects on GitHub by default use issues and pull requests, as encouraged by documentation such as <https://guides.github.com/activities/contributing-to-open-source/>.",Met,https://gist.github.com/PurpleBooth/b24679402957c63ec426,Met,Non-trivial license location file in repository: <https://github.com/QNimbus/LDAPImporter/blob/master/LICENSE.md>.,Met,The MIT license is approved by the Open Source Initiative (OSI).,Met,The MIT license is approved by the Open Source Initiative (OSI).,,No appropriate folder found for documentation basics.,Met,README.md explains the interface that is used,Met,"Repository on GitHub, which provides public git repositories with URLs.",Met,"Repository on GitHub, which uses git. git can track the changes, who made them, and when they were made.",Met,,Met,"Repository on GitHub, which uses git. git is distributed.",Met,The primary single user uses git commit records to identify releases.,Met,,Met,Full releases are tagged using 'git tag'.,Met,"CHANGELOG file is in top directory, see: https://github.com/QNimbus/LDAPImporter/blob/master/CHANGELOG.md",Met,,?,,Met,https://github.com/QNimbus/LDAPImporter/issues,Met,https://github.com/QNimbus/LDAPImporter/issues,Met,https://github.com/QNimbus/LDAPImporter/issues,Met,https://github.com/QNimbus/LDAPImporter/issues,Met,https://github.com/QNimbus/LDAPImporter/issues,Met,https://github.com/QNimbus/LDAPImporter/issues,,,Met,https://github.com/QNimbus/LDAPImporter/issues,Met,,Met,,Met,,Met,,Met,,Met,,Met,,Met,,Met,,Met,,Met,,Met,,Met,,Met,,,,,,,,,,,,,,,,,,Met,,Met,,Met,,Met,,Met,"A static code analysis tool examines the software code (as source code, intermediate code, or executable) without executing it with specific inputs. For purposes of this criterion, compiler warnings and ""safe"" language modes do not count as static code analysis tools (these typically avoid deep analysis because speed is vital). Examples of such static code analysis tools include cppcheck, clang static analyzer, FindBugs (including FindSecurityBugs), PMD, Brakeman, Coverity Quality Analyzer, and HP Enterprise Fortify Static Code Analyzer. Larger lists of tools can be found in places such as the Wikipedia list of tools for static code analysis, OWASP information on static code analysis, NIST list of source code security analyzers, and Wheeler's list of static analysis tools. The SWAMP is a no-cost platform for assessing vulnerabilities in software using a variety of tools. If there are no FLOSS static analysis tools available for the implementation language(s) used, select 'N/A'.",Met,,Met,,Met,,Met,,Met,,Met,,Met,,,2017-06-29 16:32:25 UTC,2017-06-29 18:38:08 UTC,,,Met,,,Met,GitHub supports discussions on issues and pull requests.,Met,,Met,,?,,?,,?,,?,,?,,Met,Found all required security hardening headers.,?,,?,,100,2017-06-29 18:38:08 UTC,,,False,JavaScript (CII estimate),9,7,?,,?,,?,,?,,?,,?,,?,,?,,?,,?,,?,,?,,?,,?,,?,,?,,?,,?,,?,,?,,?,,?,,?,,?,,?,,?,,?,,?,,?,,?,,?,,?,,?,,?,,?,,?,,?,,?,,?,,?,,4,?,,?,,?,,?,,?,,?,,?,,?,,?,,?,,?,,?,,Met,,Unmet,,107,,,,,,2017-06-29 18:38:08 UTC,,,Met,
